,Unnamed: 0,Unnamed: 0.1,Unnamed: 0.1.1,Unnamed: 0.1.1.1,param_id,bits,mr,abs_err,rel_err
0,0.0,0.0,0.0,0.0,5_13_26_3_60_5,0.2114683823529412,2712,0.10220453363918852,32.92618823483564
1,1.0,1.0,1.0,,5_13_26_3_60_5,0.2116,2688,0.10207291599212973,32.88375492148768
2,2.0,2.0,,,5_13_26_3_60_5,0.21215808823529408,2704,0.1015148277568356,32.704654752020694
3,3.0,,,,5_13_26_3_60_5,0.2117095588235294,2712,0.1019633571686003,32.847149536584766
4,,,,,5_13_26_3_60_5,0.2122470588235294,2688,0.10142585716860028,32.677578919097655
