,param_id,bits,mr,abs_err,rel_err
0,5_13_26_3_60_5,0.24125925925925923,2720,0.07241365673287045,23.32375525632773
