,Unnamed: 0,Unnamed: 0.1,Unnamed: 0.1.1,param_id,bits,mr,abs_err,rel_err
0,0.0,0.0,0.0,5_13_26_3_60_5,0.2924074074074074,2680,0.021365780521125352,6.864617284021543
1,1.0,1.0,,5_13_26_3_60_5,0.29703703703703704,2688,0.016635878955092668,5.341835967795133
2,2.0,,,5_13_26_3_60_5,0.2933796296296297,2688,0.020300965706310518,6.523131157960174
3,,,,5_13_26_3_60_5,0.29726851851851854,2656,0.016404397473611193,5.273498066319689
