,Unnamed: 0,param_id,bits,mr,abs_err,rel_err
0,0.0,5_13_26_3_60_5,1.0,2688,0.6863270840078703,218.9051311325789
1,,5_13_26_3_60_5,1.0,2672,0.6863270840078703,218.9051311325789
