,Unnamed: 0,Unnamed: 0.1,Unnamed: 0.1.1,Unnamed: 0.1.1.1,param_id,bits,mr,abs_err,rel_err
0,0.0,0.0,0.0,0.0,5_13_26_3_60_5,0.38398001609442056,10464,0.3478194666668079,1750.8764060725025
1,1.0,1.0,1.0,,5_13_26_3_60_5,0.3831018642703863,10440,0.3469413148427736,1741.411110654531
2,2.0,2.0,,,5_13_26_3_60_5,0.383068669527897,10448,0.3469081201002843,1742.2671632620404
3,3.0,,,,5_13_26_3_60_5,0.3832051368025751,10464,0.3470445873749625,1743.625781931857
4,,,,,5_13_26_3_60_5,0.3824007510729614,10448,0.34624020164534874,1739.2532893420898
