,param_id,bits,mr,abs_err,rel_err
0,5_13_26_3_60_5,0.38398001609442056,10464,0.3478194666668079,1750.8764060725025
