,param_id,bits,mr,abs_err,rel_err
0,5_13_26_3_60_10,0.04569406249999999,8400,0.02074912220395881,60.25447101806445
