,Unnamed: 0,param_id,bits,mr,abs_err,rel_err
0,0.0,5_13_26_3_60_5,0.3738192488262911,31936,0.33765869939867843,1709.2747349443896
1,,5_13_26_3_60_5,0.37435982562038894,31896,0.33819927619277634,1713.3659734322907
