,param_id,bits,mr,abs_err,rel_err
0,5_13_26_3_60_5,0.08537591463414634,13744,0.008103973383172789,13.222509763948835
